date_only,time_diff_seq,action_id_seq,label
2010-01-04,"[0, 10, 12, 4, 39, 8, 8, 16, 38, 4, 1, 3, 9, 3, 0, 14, 45, 1, 10, 6, 59, 7, 28, 41, 70, 2, 2, 5, 2, 27, 0, 0, 0, 1]","[1, 184, 184, 184, 184, 184, 184, 184, 184, 184, 128, 184, 128, 184, 184, 152, 184, 184, 184, 184, 184, 184, 184, 184, 184, 184, 184, 184, 184, 185, 185, 185, 185, 9]",0
2010-01-05,"[957, 46, 0, 0, 45, 4, 15, 5, 10, 5, 28, 0, 15, 2, 1, 2, 5, 18, 51, 5, 10, 42, 8, 29, 3, 22, 0, 0, 0, 1, 21, 23, 12, 9, 17, 0, 1, 2]","[0, 184, 184, 184, 184, 184, 184, 184, 184, 184, 16, 152, 128, 184, 24, 184, 184, 184, 184, 184, 184, 184, 128, 16, 24, 184, 184, 184, 184, 184, 184, 184, 184, 184, 184, 184, 184, 8]",0
2010-01-06,"[951, 119, 27, 0, 1, 9, 35, 16, 26, 2, 1, 0, 1, 0, 1, 25, 2, 6, 4, 9, 3, 68, 8, 8, 1, 10, 66, 0, 4, 0, 0, 1, 1, 10, 20]","[1, 184, 184, 184, 184, 184, 184, 184, 184, 184, 184, 184, 184, 184, 184, 184, 184, 184, 184, 184, 184, 16, 128, 184, 128, 24, 184, 184, 184, 184, 184, 184, 184, 184, 9]",0
2010-01-07,"[960, 13, 4, 12, 0, 42, 1, 12, 1, 31, 24, 17, 10, 15, 18, 2, 11, 0, 3, 3, 5, 34, 0, 0, 17, 52, 3, 16, 11, 3, 43, 14, 18, 6, 11, 0, 0, 1]","[0, 184, 184, 184, 16, 184, 24, 184, 184, 128, 184, 184, 128, 184, 184, 184, 184, 128, 184, 184, 184, 184, 184, 184, 184, 184, 16, 184, 24, 184, 184, 184, 184, 184, 184, 184, 184, 8]",0
2010-01-08,"[969, 14, 0, 2, 0, 0, 1, 4, 9, 69, 6, 6, 8, 4, 13, 20, 7, 2, 0, 1, 10, 2, 0, 1, 141, 1, 5, 10, 21, 1, 0, 20, 2, 1, 2, 1, 2, 9, 13, 9, 15, 24]","[0, 184, 184, 184, 184, 184, 184, 184, 184, 184, 16, 24, 16, 184, 24, 184, 184, 184, 184, 184, 152, 184, 184, 184, 184, 184, 184, 184, 136, 128, 184, 184, 184, 16, 184, 24, 184, 16, 24, 184, 184, 9]",0
2010-01-11,"[3829, 9, 48, 7, 25, 58, 7, 6, 24, 4, 15, 9, 12, 4, 7, 37, 13, 3, 5, 12, 6, 5, 7, 4, 19, 14, 4, 28, 20, 19, 9, 5, 17, 6, 0, 2]","[1, 185, 184, 184, 184, 184, 184, 184, 128, 184, 16, 184, 24, 184, 184, 184, 184, 184, 184, 184, 128, 184, 184, 184, 128, 184, 184, 184, 184, 184, 184, 184, 184, 184, 184, 8]",0
2010-01-12,"[962, 12, 28, 10, 10, 11, 28, 12, 6, 6, 15, 0, 18, 4, 10, 1, 0, 6, 49, 29, 9, 1, 7, 11, 9, 12, 2, 57, 14, 14, 2, 4, 51, 5, 2, 25]","[1, 184, 184, 184, 184, 128, 184, 184, 184, 16, 184, 184, 184, 184, 184, 184, 24, 184, 184, 184, 184, 184, 184, 184, 184, 184, 184, 184, 184, 184, 128, 128, 184, 184, 184, 9]",0
2010-01-13,"[951, 1, 10, 3, 2, 19, 14, 2, 21, 13, 39, 1, 42, 8, 28, 13, 13, 1, 1, 30, 15, 8, 11, 1, 1, 122, 0, 5, 0, 5, 10, 3, 0, 4, 4, 2]","[0, 184, 184, 184, 184, 184, 184, 184, 184, 184, 184, 184, 16, 184, 24, 184, 184, 184, 184, 184, 184, 184, 184, 184, 184, 176, 184, 184, 184, 184, 128, 128, 128, 184, 184, 8]",0
2010-01-14,"[957, 30, 5, 17, 21, 83, 1, 2, 5, 66, 0, 0, 6, 5, 19, 4, 4, 9, 6, 8, 20, 21, 5, 74, 0, 5, 2, 1, 6, 8, 10, 1, 0, 0, 1, 0, 0, 2, 4, 21]","[1, 184, 184, 184, 184, 184, 184, 184, 184, 184, 184, 184, 152, 184, 184, 184, 152, 16, 24, 16, 24, 184, 184, 16, 24, 184, 152, 184, 184, 184, 184, 184, 184, 184, 184, 184, 184, 184, 184, 9]",0
2010-01-15,"[964, 1, 1, 4, 12, 5, 39, 24, 15, 17, 6, 4, 26, 17, 18, 17, 31, 38, 3, 1, 4, 23, 19, 8, 3, 2, 21, 5, 26, 2, 3, 0, 36, 3, 8, 10]","[0, 128, 184, 184, 184, 184, 184, 184, 176, 184, 184, 184, 184, 184, 184, 184, 184, 16, 184, 24, 184, 128, 184, 184, 184, 184, 128, 184, 184, 184, 184, 184, 184, 184, 184, 8]",0
2010-01-18,"[3845, 33, 36, 1, 38, 0, 3, 22, 0, 1, 0, 0, 52, 0, 0, 28, 17, 0, 9, 38, 15, 25, 3, 18, 0, 4, 3, 16, 70, 1, 1, 0, 11, 0, 6, 13]","[0, 184, 184, 184, 184, 184, 184, 184, 184, 184, 184, 184, 184, 184, 184, 184, 184, 184, 16, 184, 24, 184, 184, 184, 184, 184, 184, 184, 184, 184, 184, 184, 152, 128, 152, 9]",0
2010-01-19,"[939, 5, 15, 3, 7, 3, 18, 3, 13, 30, 5, 0, 29, 17, 0, 16, 25, 15, 6, 32, 1, 12, 22, 1, 0, 22, 35, 6, 20, 23, 3, 15, 27, 24, 19, 0, 4, 0, 9]","[1, 185, 184, 128, 184, 184, 184, 184, 184, 16, 184, 184, 184, 184, 184, 184, 176, 176, 24, 16, 184, 24, 128, 184, 184, 184, 184, 184, 184, 184, 184, 184, 184, 184, 16, 24, 184, 184, 9]",0
2010-01-20,"[960, 6, 4, 3, 2, 1, 7, 3, 29, 0, 0, 6, 11, 8, 16, 28, 10, 19, 42, 34, 17, 4, 8, 0, 11, 1, 16, 0, 20, 6, 8, 2, 2, 1, 41, 7, 22, 4, 29, 25, 7, 6]","[0, 184, 184, 184, 128, 184, 128, 152, 184, 184, 184, 184, 184, 176, 16, 184, 24, 184, 184, 184, 184, 184, 184, 16, 184, 184, 24, 184, 16, 184, 184, 184, 184, 24, 184, 184, 16, 24, 184, 184, 177, 9]",0
2010-01-21,"[950, 5, 1, 0, 0, 6, 5, 13, 30, 0, 0, 7, 26, 19, 40, 8, 3, 7, 25, 19, 19, 7, 26, 33, 3, 12, 4, 63, 4, 15, 11, 2, 5, 2, 7, 7, 8, 6]","[0, 184, 152, 152, 184, 176, 184, 184, 184, 184, 184, 184, 16, 24, 184, 16, 184, 24, 184, 184, 184, 184, 184, 184, 184, 184, 184, 184, 184, 128, 184, 184, 184, 184, 184, 184, 184, 8]",0
2010-01-22,"[965, 1, 20, 7, 7, 0, 19, 45, 14, 0, 1, 1, 6, 14, 3, 44, 6, 0, 3, 0, 17, 42, 13, 0, 7, 25, 5, 47, 4, 5, 4, 33, 2, 22, 17, 0, 18, 17]","[1, 185, 184, 184, 184, 184, 176, 16, 184, 184, 184, 184, 184, 24, 184, 128, 152, 184, 128, 184, 184, 16, 184, 184, 24, 184, 184, 184, 176, 184, 184, 184, 184, 184, 184, 184, 184, 9]",0
2010-01-25,"[3826, 4, 34, 12, 46, 1, 4, 0, 2, 60, 3, 1, 4, 4, 24, 10, 5, 33, 27, 11, 6, 1, 23, 39, 2, 0, 1, 18, 10, 5, 10, 60, 0, 0, 11, 6, 0, 3]","[1, 185, 184, 184, 184, 184, 184, 184, 184, 184, 184, 184, 184, 128, 184, 184, 128, 152, 16, 184, 184, 184, 24, 184, 184, 184, 184, 184, 16, 184, 24, 184, 184, 184, 184, 185, 185, 9]",0
2010-01-26,"[951, 2, 4, 26, 5, 0, 10, 26, 2, 21, 21, 29, 11, 39, 1, 31, 5, 0, 12, 8, 1, 48, 2, 12, 6, 22, 39, 4, 5, 8, 0, 3, 0, 1, 6, 17, 11, 28, 0, 10]","[1, 184, 184, 128, 16, 24, 184, 184, 184, 184, 184, 184, 184, 184, 184, 184, 128, 152, 184, 184, 184, 184, 184, 184, 16, 184, 184, 184, 24, 176, 16, 184, 184, 184, 24, 184, 184, 185, 185, 9]",0
2010-01-27,"[947, 2, 2, 7, 1, 20, 0, 31, 2, 24, 11, 2, 6, 28, 13, 0, 0, 33, 21, 0, 13, 30, 19, 26, 3, 23, 44, 0, 8, 37, 0, 15, 11, 15, 2, 2, 9, 16]","[1, 184, 184, 184, 184, 184, 184, 184, 184, 184, 136, 128, 184, 184, 184, 184, 184, 16, 128, 184, 24, 184, 184, 184, 184, 176, 16, 184, 24, 184, 184, 184, 184, 184, 176, 184, 184, 9]",0
2010-01-28,"[952, 1, 2, 0, 5, 1, 24, 9, 15, 21, 2, 10, 7, 4, 10, 19, 23, 36, 4, 4, 13, 64, 9, 5, 2, 13, 36, 11, 2, 6, 0, 20, 14, 32, 13, 4, 4, 5]","[0, 184, 184, 184, 184, 184, 184, 184, 184, 184, 184, 16, 24, 184, 184, 184, 184, 16, 184, 184, 24, 152, 128, 184, 176, 184, 184, 176, 184, 128, 184, 184, 184, 184, 184, 184, 184, 8]",0
2010-01-29,"[969, 6, 2, 19, 27, 20, 31, 3, 14, 3, 26, 0, 2, 4, 1, 1, 1, 44, 9, 0, 2, 20, 4, 3, 19, 0, 2, 18, 27, 28, 11, 32, 39, 2, 12, 1, 15, 2]","[0, 184, 184, 16, 24, 184, 184, 184, 184, 184, 128, 184, 184, 152, 184, 184, 128, 184, 16, 184, 24, 184, 184, 184, 184, 184, 184, 184, 176, 184, 184, 184, 184, 184, 184, 184, 184, 8]",0
2010-02-01,"[3854, 3, 7, 26, 3, 0, 15, 1, 5, 5, 2, 2, 0, 13, 43, 62, 32, 28, 6, 2, 19, 5, 1, 4, 1, 2, 37, 2, 2, 1, 44, 33, 14, 7, 17, 1, 1, 5]","[0, 184, 184, 184, 184, 184, 16, 152, 24, 184, 184, 184, 16, 24, 184, 184, 184, 184, 184, 184, 184, 152, 184, 128, 184, 184, 184, 184, 184, 184, 184, 184, 184, 184, 184, 184, 184, 8]",0
2010-02-02,"[966, 4, 33, 7, 2, 4, 0, 14, 1, 17, 10, 16, 12, 13, 6, 11, 1, 18, 4, 52, 2, 7, 42, 11, 0, 6, 0, 1, 31, 18, 8, 2, 24, 12, 4, 52, 2, 8]","[0, 184, 184, 16, 184, 24, 184, 184, 184, 184, 128, 128, 184, 184, 184, 184, 184, 184, 184, 184, 184, 184, 184, 184, 184, 184, 16, 24, 184, 184, 184, 128, 184, 184, 184, 184, 184, 8]",0
2010-02-03,"[973, 9, 11, 4, 14, 13, 25, 8, 16, 5, 0, 1, 55, 12, 17, 5, 11, 19, 0, 15, 63, 0, 3, 13, 15, 25, 21, 0, 25, 5, 3, 15, 17, 0, 0, 1, 0, 3]","[0, 184, 184, 184, 184, 184, 184, 176, 16, 184, 184, 24, 184, 184, 184, 184, 184, 184, 184, 184, 184, 184, 184, 16, 24, 184, 184, 184, 184, 184, 176, 184, 136, 152, 184, 184, 152, 9]",0
2010-02-04,"[962, 4, 3, 6, 5, 4, 1, 0, 1, 24, 22, 17, 25, 10, 25, 17, 10, 8, 17, 39, 13, 9, 14, 76, 12, 4, 15, 6, 4, 9, 11, 5, 0, 3, 0, 1, 3, 4, 17, 4]","[0, 184, 184, 184, 184, 184, 184, 176, 184, 16, 184, 24, 184, 184, 184, 184, 184, 16, 184, 24, 184, 184, 184, 184, 184, 184, 16, 184, 24, 176, 184, 152, 184, 152, 184, 128, 184, 184, 184, 8]",0
2010-02-05,"[960, 39, 11, 2, 7, 72, 2, 2, 0, 0, 0, 0, 0, 0, 0, 0, 35, 0, 0, 0, 0, 5, 31, 0, 49, 0, 0, 0, 1, 0, 0, 0, 1, 2, 199, 0, 2, 9]","[1, 16, 184, 184, 24, 184, 184, 184, 184, 184, 184, 184, 184, 184, 184, 184, 184, 184, 184, 184, 184, 184, 184, 184, 16, 128, 184, 184, 184, 24, 136, 184, 128, 184, 184, 184, 184, 8]",0
2010-02-08,"[3840, 14, 0, 0, 0, 0, 0, 0, 0, 18, 42, 18, 4, 0, 2, 4, 28, 27, 12, 32, 58, 142, 4, 0, 1, 12, 9, 5, 30, 0, 1, 0, 0, 0, 0, 6]","[1, 152, 128, 184, 128, 184, 184, 184, 184, 184, 16, 184, 184, 184, 184, 184, 24, 184, 184, 184, 184, 184, 184, 184, 184, 184, 184, 184, 184, 184, 184, 184, 184, 184, 184, 9]",0
2010-02-09,"[963, 2, 5, 5, 3, 7, 5, 7, 9, 25, 2, 0, 5, 5, 26, 4, 17, 11, 12, 25, 43, 9, 19, 15, 24, 6, 10, 30, 15, 11, 12, 0, 5, 2, 43, 25, 0, 13]","[0, 184, 184, 184, 184, 16, 184, 184, 24, 184, 176, 184, 184, 152, 184, 184, 184, 184, 184, 184, 184, 184, 176, 184, 128, 128, 184, 184, 184, 184, 16, 184, 184, 184, 24, 184, 184, 8]",0
2010-02-10,"[969, 7, 40, 6, 0, 2, 6, 24, 3, 3, 32, 10, 9, 1, 5, 10, 36, 3, 9, 58, 0, 23, 22, 0, 3, 0, 11, 28, 11, 9, 3, 2, 7, 15, 1, 7, 28, 12]","[0, 184, 184, 184, 184, 184, 184, 184, 184, 16, 184, 184, 184, 24, 184, 184, 152, 128, 184, 184, 184, 184, 176, 128, 184, 184, 184, 184, 184, 184, 16, 24, 184, 184, 184, 184, 184, 8]",0
2010-02-11,"[957, 1, 1, 0, 24, 2, 0, 18, 22, 13, 34, 5, 9, 4, 49, 0, 0, 54, 0, 7, 0, 0, 6, 19, 0, 17, 13, 21, 1, 33, 51, 2, 7, 1, 48, 9]","[1, 185, 185, 185, 184, 184, 16, 184, 24, 184, 184, 184, 184, 184, 184, 184, 184, 184, 184, 184, 184, 184, 184, 176, 184, 184, 184, 176, 184, 184, 128, 128, 184, 128, 184, 8]",0
2010-02-12,"[971, 4, 15, 28, 1, 3, 8, 1, 5, 2, 1, 3, 14, 24, 2, 12, 3, 1, 9, 2, 27, 27, 0, 11, 4, 4, 15, 43, 11, 18, 1, 41, 3, 74, 1, 2, 18, 7]","[0, 176, 184, 184, 184, 184, 184, 152, 184, 16, 184, 184, 24, 152, 152, 184, 184, 184, 184, 184, 16, 184, 184, 184, 24, 184, 184, 184, 184, 184, 184, 176, 184, 184, 184, 184, 184, 8]",0
2010-02-15,"[3845, 7, 5, 2, 8, 0, 5, 35, 22, 18, 1, 32, 24, 13, 10, 20, 13, 15, 20, 1, 3, 36, 11, 26, 46, 21, 13, 2, 5, 6, 2, 10, 5, 19, 16, 2, 2, 2]","[1, 184, 184, 184, 184, 184, 184, 184, 176, 184, 184, 16, 24, 184, 184, 184, 184, 184, 184, 184, 184, 128, 184, 184, 184, 184, 184, 128, 184, 184, 16, 128, 184, 184, 185, 25, 185, 9]",0
2010-02-16,"[953, 12, 7, 0, 1, 1, 5, 1, 1, 31, 0, 0, 24, 1, 0, 0, 0, 0, 0, 0, 1, 0, 84, 20, 28, 2, 22, 17, 88, 4, 51, 8, 13, 2, 0, 6, 1, 31]","[0, 152, 184, 184, 184, 184, 184, 184, 184, 184, 184, 184, 184, 184, 184, 184, 184, 184, 184, 184, 184, 184, 184, 184, 184, 184, 184, 184, 184, 184, 152, 16, 24, 16, 128, 184, 24, 9]",0
2010-02-17,"[947, 4, 11, 4, 13, 5, 103, 25, 2, 6, 9, 0, 2, 4, 8, 36, 13, 6, 41, 1, 22, 25, 20, 31, 6, 1, 3, 6, 15, 0, 1, 4, 41, 16]","[1, 185, 184, 184, 184, 184, 184, 184, 184, 184, 184, 184, 184, 184, 184, 184, 184, 184, 128, 184, 184, 184, 184, 184, 128, 184, 184, 184, 184, 184, 136, 184, 184, 9]",0
2010-02-18,"[959, 13, 20, 29, 4, 56, 0, 30, 6, 20, 0, 1, 0, 0, 42, 27, 3, 4, 2, 38, 18, 1, 20, 39, 1, 42, 23, 8, 1, 0, 1, 5, 8, 3]","[0, 184, 184, 184, 184, 184, 184, 184, 184, 136, 184, 136, 184, 152, 184, 184, 184, 184, 184, 184, 184, 184, 184, 184, 184, 184, 184, 184, 184, 184, 184, 184, 185, 9]",0
2010-02-19,"[952, 3, 4, 6, 5, 2, 5, 0, 1, 5, 4, 11, 9, 33, 41, 6, 5, 77, 55, 4, 12, 9, 12, 29, 3, 0, 1, 0, 11, 16, 10, 43, 11, 3, 22, 7, 1, 11]","[0, 184, 184, 184, 184, 184, 16, 24, 16, 24, 184, 184, 184, 184, 184, 184, 184, 184, 184, 184, 184, 184, 128, 184, 184, 184, 184, 128, 184, 184, 184, 184, 184, 184, 128, 185, 185, 9]",0
2010-02-22,"[3833, 2, 3, 3, 0, 5, 3, 30, 10, 8, 3, 22, 28, 1, 33, 57, 3, 8, 5, 2, 0, 43, 4, 13, 29, 13, 8, 12, 1, 54, 17, 1, 28]","[0, 128, 152, 184, 176, 184, 184, 184, 184, 184, 184, 184, 184, 184, 184, 184, 184, 184, 184, 184, 184, 184, 176, 184, 184, 184, 184, 184, 184, 184, 184, 184, 8]",0
2010-02-23,"[969, 22, 0, 8, 0, 2, 35, 6, 20, 1, 18, 18, 15, 15, 14, 13, 3, 0, 0, 45, 13, 0, 3, 11, 9, 0, 3, 41, 35, 17, 43, 6, 1, 8, 2, 5, 27, 4, 1, 5]","[0, 184, 128, 128, 184, 136, 184, 184, 184, 184, 184, 184, 184, 184, 184, 16, 184, 24, 176, 184, 16, 184, 184, 184, 176, 184, 24, 184, 184, 184, 184, 184, 16, 24, 184, 184, 184, 185, 185, 9]",0
2010-02-24,"[963, 10, 17, 12, 6, 0, 2, 2, 1, 0, 20, 15, 7, 1, 21, 4, 31, 43, 6, 7, 16, 0, 14, 19, 9, 14, 0, 64, 50, 2, 15, 15, 0, 9, 5, 8, 1, 8]","[0, 184, 184, 16, 184, 184, 24, 184, 184, 184, 184, 184, 152, 184, 136, 184, 184, 184, 176, 128, 184, 184, 184, 184, 184, 184, 184, 184, 16, 184, 184, 24, 184, 184, 184, 184, 184, 9]",0
2010-02-25,"[962, 1, 3, 1, 13, 0, 0, 26, 1, 31, 11, 11, 0, 2, 6, 4, 51, 1, 21, 20, 41, 1, 30, 1, 16, 19, 24, 38, 1, 1, 19, 2, 32, 10, 6, 9]","[0, 184, 176, 184, 184, 136, 184, 184, 184, 184, 184, 184, 184, 184, 184, 184, 128, 184, 184, 184, 184, 16, 184, 24, 184, 184, 184, 184, 152, 184, 184, 184, 184, 184, 184, 8]",0
2010-02-26,"[951, 4, 0, 0, 1, 18, 5, 0, 25, 66, 0, 0, 1, 49, 3, 5, 4, 37, 51, 0, 5, 1, 1, 9, 4, 0, 1, 0, 4, 21, 34, 1, 0, 6, 106, 2, 1, 1, 12]","[1, 185, 185, 185, 185, 184, 184, 184, 184, 184, 184, 184, 184, 184, 184, 184, 136, 128, 16, 24, 184, 184, 184, 184, 184, 184, 184, 16, 184, 24, 184, 16, 24, 184, 184, 184, 184, 184, 9]",0
2010-03-01,"[3835, 1, 10, 7, 16, 31, 5, 4, 34, 0, 6, 10, 8, 16, 2, 0, 26, 1, 17, 23, 2, 4, 31, 8, 13, 21, 3, 4, 6, 17, 24, 7, 3, 20, 33, 49, 6, 2, 0, 5]","[1, 185, 184, 184, 184, 184, 16, 184, 184, 184, 24, 184, 184, 16, 128, 184, 136, 128, 24, 184, 184, 184, 184, 184, 176, 184, 184, 184, 184, 184, 184, 184, 184, 16, 24, 184, 185, 177, 185, 9]",0
2010-03-02,"[935, 17, 14, 61, 31, 0, 42, 23, 30, 12, 3, 4, 23, 0, 0, 1, 0, 39, 0, 0, 49, 8, 4, 12, 1, 0, 0, 11, 21, 1, 0, 17, 19, 13, 9, 13]","[1, 184, 184, 184, 184, 184, 184, 184, 184, 184, 184, 184, 184, 184, 184, 184, 184, 184, 184, 184, 184, 184, 184, 128, 184, 184, 184, 128, 16, 24, 184, 184, 128, 184, 184, 9]",0
2010-03-03,"[964, 3, 19, 11, 3, 17, 5, 48, 11, 7, 7, 2, 4, 2, 1, 18, 27, 5, 19, 7, 52, 11, 6, 7, 42, 23, 0, 9, 0, 39, 12, 20, 0, 0, 7, 5, 3, 2]","[0, 184, 184, 184, 184, 184, 16, 24, 184, 184, 184, 184, 184, 184, 184, 184, 184, 184, 184, 184, 184, 184, 184, 184, 184, 16, 24, 184, 184, 184, 184, 184, 184, 184, 136, 128, 136, 8]",0
2010-03-04,"[955, 13, 48, 6, 15, 3, 24, 6, 36, 2, 15, 21, 1, 17, 17, 11, 11, 10, 3, 8, 21, 8, 1, 23, 0, 26, 0, 20, 5, 17, 10, 5, 16, 8, 20, 7, 1, 10]","[1, 184, 184, 184, 184, 184, 184, 184, 184, 184, 16, 184, 24, 184, 184, 184, 16, 184, 184, 136, 184, 184, 24, 184, 184, 184, 184, 184, 184, 184, 128, 184, 184, 184, 184, 184, 128, 8]",0
2010-03-05,"[977, 27, 2, 10, 1, 25, 0, 0, 12, 13, 1, 1, 54, 0, 7, 42, 2, 15, 49, 0, 0, 0, 7, 3, 21, 31, 8, 68, 0, 2, 1, 27, 0, 0, 0, 15]","[0, 184, 184, 184, 184, 184, 184, 184, 184, 136, 184, 184, 184, 128, 184, 184, 128, 184, 184, 184, 184, 184, 184, 184, 16, 184, 24, 184, 184, 184, 184, 184, 184, 184, 184, 8]",0
2010-03-08,"[3860, 2, 6, 3, 29, 3, 20, 15, 1, 1, 3, 9, 25, 53, 14, 6, 13, 22, 6, 14, 14, 3, 11, 0, 22, 22, 37, 4, 25, 50, 1, 5, 7, 6, 0, 4]","[0, 128, 128, 184, 184, 184, 16, 184, 184, 24, 184, 184, 184, 184, 184, 184, 184, 184, 184, 184, 184, 128, 184, 184, 184, 184, 184, 184, 184, 184, 184, 184, 184, 184, 184, 9]",0
2010-03-09,"[942, 34, 27, 31, 6, 13, 1, 19, 0, 1, 5, 6, 42, 25, 7, 18, 7, 0, 6, 1, 19, 0, 6, 9, 41, 46, 4, 14, 58, 1, 2, 2, 9, 8, 4, 7]","[1, 184, 184, 184, 184, 184, 184, 16, 176, 184, 24, 184, 184, 184, 184, 184, 184, 128, 136, 128, 184, 184, 184, 184, 184, 184, 184, 184, 184, 184, 184, 184, 184, 184, 184, 9]",0
2010-03-10,"[946, 1, 0, 0, 100, 0, 1, 36, 1, 1, 0, 0, 0, 12, 1, 20, 6, 8, 4, 10, 10, 22, 8, 59, 40, 2, 5, 1, 2, 0, 1, 3, 3, 6, 0, 1, 8, 107]","[1, 185, 185, 129, 184, 184, 184, 184, 184, 184, 184, 184, 184, 16, 24, 16, 184, 184, 184, 184, 24, 184, 184, 184, 176, 184, 184, 176, 184, 184, 184, 184, 176, 184, 184, 128, 128, 9]",0
2010-03-11,"[959, 40, 1, 23, 3, 2, 1, 10, 3, 6, 18, 1, 14, 2, 14, 13, 5, 2, 5, 0, 96, 11, 9, 6, 19, 33, 1, 1, 0, 29, 10, 7, 28, 1, 26, 7, 0, 6]","[0, 184, 184, 128, 184, 128, 184, 152, 184, 184, 184, 184, 184, 184, 16, 184, 184, 24, 184, 184, 184, 184, 184, 184, 184, 184, 184, 176, 16, 24, 184, 184, 184, 184, 184, 184, 184, 8]",0
2010-03-12,"[956, 2, 8, 1, 2, 5, 21, 3, 3, 1, 3, 13, 2, 1, 2, 8, 2, 0, 2, 68, 22, 38, 38, 11, 19, 12, 20, 26, 10, 21, 33, 44, 9, 6, 1, 11, 9, 2, 3]","[1, 185, 185, 184, 184, 184, 128, 16, 184, 184, 184, 184, 184, 24, 16, 184, 184, 184, 184, 184, 184, 184, 184, 184, 184, 128, 176, 184, 136, 184, 184, 16, 184, 184, 184, 24, 185, 185, 9]",0
2010-03-15,"[3832, 3, 30, 0, 14, 13, 26, 17, 19, 4, 18, 1, 14, 8, 41, 18, 20, 3, 4, 51, 32, 27, 2, 5, 9, 8, 14, 10, 27, 3, 20, 1, 8, 2]","[0, 184, 184, 128, 184, 184, 184, 184, 184, 184, 184, 184, 184, 184, 184, 184, 184, 184, 184, 184, 16, 184, 184, 184, 184, 184, 184, 184, 184, 184, 24, 184, 185, 9]",0
2010-03-16,"[959, 4, 1, 3, 28, 23, 74, 3, 8, 22, 16, 6, 16, 1, 12, 43, 2, 3, 12, 0, 10, 8, 9, 1, 17, 24, 5, 45, 9, 31, 8, 6, 0, 0, 10, 5]","[0, 184, 184, 184, 184, 176, 184, 184, 184, 184, 184, 184, 184, 16, 184, 24, 184, 184, 184, 184, 128, 128, 184, 184, 128, 184, 184, 176, 184, 184, 184, 184, 184, 184, 185, 9]",0
2010-03-17,"[938, 35, 4, 4, 6, 17, 4, 39, 28, 14, 2, 33, 13, 5, 0, 34, 24, 5, 5, 17, 12, 15, 0, 14, 37, 19, 12, 7, 11, 10, 6, 16, 11, 6, 15]","[1, 184, 184, 184, 184, 184, 184, 184, 184, 184, 184, 16, 184, 184, 24, 184, 184, 184, 184, 184, 184, 184, 184, 184, 184, 184, 184, 16, 184, 24, 184, 184, 184, 184, 9]",0
2010-03-18,"[941, 4, 4, 3, 1, 0, 1, 9, 49, 11, 26, 24, 46, 30, 18, 35, 0, 3, 28, 15, 0, 13, 18, 28, 11, 3, 0, 10, 8, 5, 50, 3, 9, 5, 8, 8]","[1, 185, 185, 128, 184, 184, 136, 184, 184, 184, 184, 184, 184, 184, 184, 184, 184, 184, 184, 184, 184, 184, 184, 184, 184, 184, 16, 184, 128, 184, 184, 184, 184, 184, 25, 9]",0
2010-03-19,"[949, 26, 26, 4, 1, 27, 11, 7, 23, 1, 0, 30, 1, 1, 5, 3, 5, 0, 2, 1, 15, 34, 14, 17, 16, 19, 6, 5, 0, 11, 2, 1, 0, 2, 21, 40, 7, 52, 14, 3]","[0, 184, 184, 16, 24, 184, 16, 24, 184, 184, 184, 184, 184, 184, 128, 128, 184, 184, 184, 184, 184, 184, 184, 184, 184, 128, 184, 184, 16, 24, 184, 184, 184, 184, 184, 184, 184, 184, 184, 8]",0
2010-03-22,"[3843, 2, 0, 39, 12, 10, 0, 33, 0, 13, 0, 1, 92, 5, 4, 0, 1, 9, 5, 25, 17, 21, 17, 2, 28, 32, 44, 1, 14, 11, 15, 4, 4, 0, 18, 2, 1, 1]","[1, 185, 185, 184, 184, 184, 184, 184, 184, 184, 184, 184, 184, 184, 184, 184, 16, 184, 176, 24, 184, 16, 24, 184, 184, 184, 152, 184, 184, 184, 176, 184, 184, 184, 129, 185, 129, 9]",0
2010-03-23,"[951, 6, 9, 0, 0, 1, 2, 2, 1, 20, 1, 91, 3, 56, 52, 8, 27, 3, 7, 2, 5, 0, 0, 39, 0, 8, 15, 4, 7, 2, 5, 31, 14, 6, 8, 1, 5, 14]","[0, 128, 184, 184, 184, 184, 128, 184, 184, 184, 184, 184, 184, 184, 184, 184, 16, 184, 184, 184, 184, 184, 184, 24, 16, 184, 184, 184, 184, 184, 24, 184, 184, 128, 184, 184, 184, 8]",0
2010-03-24,"[952, 1, 17, 11, 23, 1, 17, 14, 12, 18, 1, 25, 9, 1, 9, 29, 4, 22, 24, 7, 20, 35, 2, 8, 9, 31, 6, 16, 0, 7, 3, 5, 14, 2, 54, 11, 0, 2, 2, 7]","[1, 185, 16, 184, 152, 24, 184, 184, 184, 128, 184, 184, 184, 184, 176, 184, 184, 184, 136, 184, 184, 16, 184, 24, 184, 184, 184, 184, 184, 16, 184, 184, 184, 24, 184, 184, 184, 184, 185, 9]",0
2010-03-25,"[956, 1, 3, 0, 0, 0, 0, 0, 0, 0, 0, 0, 0, 0, 0, 0, 0, 0, 0, 0, 0, 0, 0, 0, 0, 0, 0, 0, 0, 0, 0, 0, 0, 1, 2, 461]","[0, 128, 184, 184, 184, 184, 184, 184, 184, 184, 184, 184, 184, 184, 184, 184, 184, 184, 184, 184, 184, 184, 16, 184, 184, 184, 184, 184, 184, 184, 128, 184, 184, 128, 24, 8]",0
2010-03-26,"[949, 24, 12, 1, 10, 43, 36, 10, 1, 30, 1, 1, 27, 29, 11, 2, 2, 28, 10, 9, 1, 1, 0, 0, 8, 2, 0, 39, 33, 0, 0, 39, 53, 1, 9, 9]","[1, 184, 184, 184, 184, 184, 184, 184, 184, 184, 184, 184, 184, 16, 24, 184, 184, 184, 184, 128, 184, 128, 184, 136, 184, 184, 184, 184, 184, 184, 184, 184, 184, 184, 184, 9]",0
2010-03-29,"[3822, 14, 41, 0, 0, 27, 89, 0, 0, 0, 73, 3, 0, 3, 1, 0, 1, 0, 7, 3, 11, 9, 6, 7, 14, 5, 6, 4, 71, 42, 0, 0, 0, 0, 1, 52]","[1, 184, 184, 184, 184, 184, 184, 184, 184, 184, 184, 184, 184, 184, 184, 184, 184, 184, 184, 184, 128, 128, 16, 24, 128, 184, 184, 184, 184, 184, 184, 184, 184, 184, 184, 9]",0
2010-03-30,"[946, 5, 1, 5, 4, 11, 10, 1, 8, 33, 4, 10, 4, 30, 2, 12, 2, 1, 58, 5, 26, 3, 9, 40, 0, 0, 18, 19, 19, 0, 3, 6, 9, 29, 14, 7, 24, 20]","[1, 184, 184, 184, 184, 184, 184, 184, 184, 184, 184, 184, 184, 128, 128, 136, 16, 24, 184, 184, 184, 184, 184, 184, 184, 184, 184, 16, 184, 184, 184, 184, 24, 184, 184, 184, 184, 8]",0
2010-03-31,"[979, 19, 14, 17, 9, 12, 2, 1, 2, 11, 5, 37, 11, 17, 9, 13, 3, 6, 3, 17, 9, 0, 28, 21, 2, 6, 70, 2, 14, 13, 0, 7, 14, 20, 10, 42, 2, 1]","[0, 184, 184, 184, 184, 184, 184, 184, 184, 184, 184, 184, 184, 184, 184, 128, 152, 128, 184, 184, 184, 184, 16, 184, 24, 184, 184, 184, 184, 184, 184, 16, 24, 184, 184, 185, 185, 9]",0
2010-04-01,"[941, 5, 0, 11, 0, 2, 14, 13, 48, 2, 30, 21, 8, 49, 23, 29, 20, 2, 1, 0, 0, 54, 24, 28, 13, 2, 22, 7, 12, 1, 4, 0, 3, 21, 2, 9]","[1, 184, 184, 184, 184, 184, 184, 184, 184, 184, 184, 176, 184, 184, 184, 184, 184, 128, 136, 128, 184, 184, 184, 176, 184, 16, 184, 184, 184, 24, 184, 184, 184, 185, 185, 9]",0
2010-04-05,"[5265, 13, 0, 15, 6, 0, 6, 17, 8, 2, 27, 0, 0, 2, 25, 4, 14, 54, 2, 14, 5, 17, 24, 10, 12, 1, 21, 32, 12, 1, 11, 1, 0, 36, 34, 4, 10, 10, 11, 14]","[1, 128, 16, 184, 184, 184, 128, 152, 184, 184, 184, 184, 184, 24, 16, 184, 24, 176, 184, 184, 184, 184, 184, 184, 184, 184, 184, 16, 184, 184, 184, 184, 24, 176, 184, 184, 184, 184, 184, 9]",0
2010-04-06,"[936, 8, 0, 0, 62, 19, 18, 7, 100, 4, 3, 0, 3, 1, 4, 80, 2, 7, 58, 0, 30, 6, 4, 2, 3, 2, 1, 0, 0, 1, 1, 3, 0, 2, 41, 0, 4, 8]","[1, 185, 185, 185, 184, 184, 184, 184, 184, 184, 184, 184, 184, 16, 24, 184, 184, 184, 184, 184, 16, 128, 152, 152, 184, 184, 184, 184, 184, 184, 184, 184, 184, 24, 184, 184, 184, 9]",0
2010-04-07,"[950, 13, 4, 22, 0, 5, 17, 63, 20, 0, 6, 28, 31, 5, 25, 0, 5, 27, 14, 0, 28, 0, 1, 1, 1, 13, 24, 29, 21, 3, 24, 0, 3, 1, 7, 14, 6, 1, 0, 7]","[1, 184, 16, 184, 24, 184, 184, 184, 184, 184, 136, 184, 184, 184, 184, 176, 184, 184, 184, 184, 184, 184, 184, 128, 128, 184, 184, 16, 184, 24, 184, 16, 184, 184, 184, 24, 184, 184, 184, 9]",0
2010-04-08,"[959, 7, 0, 1, 0, 47, 0, 0, 18, 1, 26, 9, 0, 3, 14, 6, 24, 8, 0, 29, 5, 25, 9, 18, 4, 42, 6, 59, 52, 12, 0, 3, 3, 0, 0, 4, 5, 6]","[0, 184, 128, 128, 184, 184, 184, 184, 184, 184, 184, 184, 184, 176, 184, 184, 16, 184, 24, 184, 184, 184, 184, 184, 184, 184, 184, 184, 128, 184, 184, 184, 184, 184, 184, 16, 24, 8]",0
2010-04-09,"[969, 9, 7, 3, 2, 1, 18, 5, 45, 3, 21, 13, 3, 14, 54, 1, 14, 4, 11, 31, 14, 8, 9, 13, 3, 19, 13, 18, 7, 19, 7, 3, 21, 12, 0, 27, 7, 2]","[0, 184, 128, 184, 184, 128, 184, 184, 184, 184, 16, 24, 176, 184, 184, 184, 184, 184, 184, 136, 16, 184, 184, 24, 184, 184, 184, 184, 184, 184, 184, 184, 184, 184, 184, 184, 184, 8]",0
2010-04-12,"[3831, 9, 0, 0, 3, 5, 5, 3, 14, 22, 0, 26, 37, 26, 2, 25, 13, 10, 2, 4, 1, 30, 11, 6, 7, 7, 16, 34, 19, 22, 0, 1, 38, 27, 1, 34, 1]","[1, 185, 185, 184, 184, 184, 184, 16, 184, 184, 184, 184, 184, 184, 16, 184, 184, 184, 184, 184, 24, 184, 184, 184, 184, 184, 184, 184, 184, 128, 184, 136, 184, 184, 184, 152, 8]",0
2010-04-13,"[979, 5, 4, 1, 1, 2, 1, 1, 12, 7, 21, 61, 2, 18, 21, 0, 1, 46, 9, 49, 18, 17, 1, 1, 6, 2, 0, 10, 1, 14, 10, 1, 28, 3, 17, 37, 14, 15]","[0, 184, 128, 128, 128, 184, 184, 184, 184, 184, 184, 184, 184, 184, 184, 184, 184, 184, 184, 16, 24, 184, 184, 184, 184, 16, 184, 184, 184, 24, 184, 184, 184, 184, 176, 184, 184, 9]",0
2010-04-14,"[949, 12, 22, 3, 2, 20, 8, 2, 6, 0, 1, 0, 5, 20, 23, 10, 3, 5, 7, 10, 14, 26, 0, 3, 29, 26, 44, 8, 7, 19, 0, 3, 53, 0, 7, 14, 14, 19, 16, 22]","[1, 184, 128, 128, 184, 184, 184, 184, 16, 184, 184, 128, 24, 184, 184, 184, 16, 184, 184, 184, 184, 184, 184, 184, 24, 184, 184, 16, 184, 184, 24, 184, 184, 184, 184, 184, 184, 184, 184, 9]",0
2010-04-15,"[947, 13, 0, 3, 4, 0, 23, 20, 16, 15, 2, 2, 6, 70, 2, 0, 0, 45, 2, 3, 30, 6, 5, 9, 35, 4, 17, 53, 6, 23, 22, 5, 9, 9]","[0, 184, 176, 184, 184, 184, 184, 152, 184, 184, 128, 184, 128, 184, 184, 184, 184, 184, 184, 184, 184, 184, 184, 176, 184, 184, 184, 176, 184, 184, 184, 184, 184, 8]",0
2010-04-16,"[971, 4, 12, 2, 4, 8, 39, 0, 5, 6, 6, 23, 4, 16, 1, 0, 0, 2, 40, 20, 17, 20, 12, 2, 18, 23, 24, 9, 20, 17, 0, 6, 20, 29, 7, 3, 6, 14, 2, 18]","[0, 16, 184, 184, 24, 16, 184, 184, 184, 184, 184, 24, 184, 128, 128, 184, 128, 184, 184, 184, 184, 184, 184, 184, 184, 184, 184, 184, 184, 184, 184, 184, 184, 184, 184, 16, 184, 184, 24, 9]",0
2010-04-19,"[3819, 1, 6, 41, 4, 1, 5, 18, 0, 2, 7, 14, 98, 22, 12, 58, 17, 3, 26, 14, 1, 0, 18, 6, 8, 5, 32, 4, 4, 16, 2, 23, 11, 1, 8]","[1, 185, 185, 184, 184, 16, 184, 24, 184, 184, 184, 184, 184, 184, 184, 184, 184, 184, 184, 176, 184, 184, 128, 184, 128, 184, 184, 184, 184, 184, 184, 184, 185, 185, 9]",0
2010-04-20,"[960, 13, 3, 2, 5, 18, 1, 29, 5, 21, 18, 1, 45, 2, 1, 1, 10, 0, 2, 1, 22, 3, 29, 30, 4, 68, 14, 2, 21, 4, 6, 2, 24, 1, 2, 2, 4, 7, 15, 5]","[0, 184, 184, 184, 16, 24, 176, 16, 184, 184, 184, 184, 184, 128, 24, 184, 184, 128, 128, 176, 184, 184, 184, 184, 184, 184, 184, 184, 16, 184, 184, 184, 184, 184, 24, 184, 184, 184, 184, 8]",0
2010-04-21,"[963, 7, 0, 3, 2, 3, 6, 34, 39, 10, 2, 11, 3, 4, 7, 4, 0, 10, 2, 0, 4, 15, 0, 20, 39, 10, 23, 3, 1, 3, 0, 4, 8, 3, 12, 71, 27, 18, 3, 0, 24, 20]","[1, 128, 128, 184, 128, 184, 184, 184, 184, 184, 184, 16, 24, 184, 184, 184, 16, 184, 184, 184, 184, 24, 184, 184, 184, 184, 184, 184, 184, 184, 184, 16, 24, 184, 184, 184, 184, 184, 184, 16, 24, 8]",0
2010-04-22,"[957, 1, 5, 0, 7, 11, 1, 24, 5, 6, 0, 16, 13, 24, 3, 5, 30, 48, 15, 31, 4, 0, 13, 38, 3, 3, 0, 15, 39, 1, 16, 6, 22, 30, 1, 33]","[1, 185, 184, 184, 184, 184, 184, 184, 176, 184, 184, 184, 16, 24, 184, 184, 184, 184, 128, 184, 184, 184, 184, 128, 184, 184, 152, 184, 184, 184, 184, 184, 184, 184, 184, 9]",0
2010-04-23,"[970, 3, 5, 4, 46, 2, 16, 8, 7, 29, 28, 3, 15, 9, 13, 9, 1, 9, 14, 18, 29, 11, 20, 2, 5, 7, 7, 6, 21, 2, 49, 10, 0, 0, 14, 16, 10, 1]","[0, 184, 184, 184, 184, 184, 184, 184, 184, 184, 184, 184, 184, 184, 128, 16, 184, 184, 184, 24, 16, 24, 184, 184, 184, 128, 128, 184, 184, 184, 184, 184, 184, 184, 184, 184, 184, 8]",0
2010-04-26,"[3844, 8, 22, 6, 15, 0, 21, 0, 0, 1, 0, 11, 4, 11, 14, 70, 11, 8, 3, 2, 14, 20, 7, 35, 8, 28, 34, 25, 1, 10, 9, 1, 9, 9, 23, 0, 0, 7]","[0, 184, 184, 184, 128, 184, 128, 184, 128, 184, 184, 184, 16, 24, 184, 184, 184, 184, 184, 184, 184, 184, 184, 184, 184, 184, 16, 184, 184, 184, 184, 176, 184, 24, 184, 184, 184, 8]",0
2010-04-27,"[967, 59, 3, 1, 16, 30, 3, 5, 29, 16, 0, 9, 0, 0, 16, 14, 84, 9, 0, 0, 0, 0, 25, 2, 0, 13, 6, 2, 16, 0, 5, 12, 5, 8, 53, 29, 3, 4]","[1, 184, 184, 184, 184, 176, 184, 184, 184, 184, 184, 184, 184, 184, 184, 184, 184, 152, 152, 184, 152, 184, 184, 184, 16, 24, 184, 184, 184, 184, 184, 16, 184, 24, 184, 185, 185, 9]",0
2010-04-28,"[948, 5, 0, 29, 2, 9, 17, 1, 13, 20, 1, 9, 12, 6, 21, 27, 37, 13, 6, 20, 16, 6, 17, 24, 2, 3, 23, 26, 2, 5, 3, 0, 1, 45, 23, 15]","[1, 184, 184, 184, 184, 184, 184, 184, 184, 184, 184, 184, 16, 184, 184, 24, 184, 184, 184, 184, 176, 184, 184, 184, 184, 184, 184, 152, 128, 128, 184, 184, 184, 184, 184, 8]",0
2010-04-29,"[974, 1, 2, 1, 1, 4, 5, 2, 4, 17, 8, 21, 17, 55, 20, 0, 36, 18, 10, 21, 4, 19, 0, 7, 14, 8, 24, 16, 9, 24, 9, 7, 10, 17, 6, 17, 18, 1]","[0, 128, 152, 184, 184, 184, 184, 152, 184, 184, 184, 184, 184, 184, 184, 184, 176, 184, 184, 184, 184, 184, 184, 184, 16, 184, 184, 184, 24, 184, 184, 184, 184, 184, 16, 24, 184, 9]",0
2010-04-30,"[955, 5, 7, 0, 25, 5, 62, 5, 2, 12, 2, 15, 1, 0, 11, 7, 0, 8, 7, 2, 6, 0, 14, 3, 17, 4, 2, 5, 6, 19, 67, 3, 0, 73, 6, 3, 0, 0, 0, 33, 23, 13]","[1, 184, 184, 184, 184, 128, 184, 184, 184, 184, 16, 24, 184, 184, 184, 184, 184, 152, 184, 184, 16, 152, 184, 24, 16, 184, 24, 184, 16, 24, 184, 184, 184, 184, 184, 176, 184, 176, 184, 184, 184, 9]",0
2010-05-03,"[3840, 10, 0, 9, 7, 28, 6, 3, 10, 20, 43, 21, 21, 36, 1, 1, 0, 1, 0, 3, 3, 2, 20, 27, 7, 30, 13, 2, 5, 13, 4, 32, 26, 2, 14, 5, 5, 11]","[0, 184, 184, 184, 184, 184, 184, 184, 184, 184, 16, 184, 24, 128, 184, 184, 184, 184, 128, 176, 128, 184, 184, 184, 16, 184, 184, 184, 184, 24, 184, 184, 184, 184, 184, 184, 184, 8]",0
2010-05-04,"[972, 25, 21, 14, 5, 13, 4, 2, 18, 37, 1, 3, 8, 8, 34, 24, 1, 1, 13, 4, 34, 11, 3, 15, 18, 19, 1, 16, 2, 38, 24, 11, 2, 0, 3, 0, 4, 25]","[0, 184, 184, 184, 16, 184, 24, 184, 184, 184, 184, 184, 184, 184, 184, 184, 184, 184, 128, 184, 184, 184, 128, 16, 24, 184, 184, 184, 184, 184, 184, 128, 184, 184, 184, 184, 184, 9]",0
2010-05-05,"[963, 1, 0, 0, 7, 16, 11, 10, 41, 22, 19, 37, 15, 49, 20, 6, 27, 13, 0, 12, 11, 5, 6, 23, 20, 10, 5, 11, 0, 25, 3, 16, 0, 0, 8, 3, 0, 1, 3, 2]","[0, 184, 16, 184, 24, 184, 184, 184, 184, 184, 184, 176, 184, 184, 184, 184, 184, 184, 184, 184, 184, 16, 184, 176, 176, 24, 184, 184, 184, 16, 24, 184, 184, 184, 184, 128, 128, 184, 128, 9]",0
2010-05-06,"[967, 16, 5, 8, 2, 4, 21, 22, 10, 23, 10, 8, 9, 42, 1, 0, 3, 1, 51, 30, 86, 1, 9, 35, 23, 0, 7, 6, 3, 0, 5, 1, 1, 2]","[0, 184, 184, 184, 184, 184, 184, 184, 176, 184, 184, 184, 184, 184, 184, 184, 184, 184, 184, 184, 176, 184, 184, 184, 184, 184, 184, 184, 184, 136, 128, 184, 128, 8]",0
2010-05-07,"[978, 4, 18, 23, 5, 20, 59, 5, 1, 5, 0, 0, 14, 10, 20, 30, 1, 0, 12, 33, 12, 51, 13, 1, 43, 1, 6, 3, 54, 0, 5, 0, 0, 2, 2, 3]","[0, 184, 184, 184, 184, 184, 16, 184, 184, 152, 128, 128, 184, 184, 184, 184, 184, 184, 24, 184, 184, 184, 184, 184, 184, 184, 184, 184, 184, 184, 184, 184, 184, 184, 184, 8]",0
2010-05-10,"[3830, 15, 2, 5, 5, 24, 1, 15, 4, 18, 4, 7, 9, 18, 42, 13, 9, 4, 34, 7, 0, 4, 7, 3, 2, 29, 46, 11, 9, 14, 9, 4, 16, 11, 38, 9, 8, 7]","[1, 184, 184, 152, 184, 184, 16, 184, 184, 24, 152, 152, 184, 184, 184, 184, 184, 184, 184, 184, 184, 184, 184, 184, 184, 184, 184, 184, 184, 184, 16, 184, 184, 24, 184, 184, 184, 8]",0
2010-05-11,"[966, 2, 8, 7, 3, 6, 0, 6, 1, 37, 3, 1, 1, 11, 58, 11, 2, 37, 32, 10, 1, 1, 29, 16, 14, 8, 31, 5, 9, 4, 28, 10, 22, 47, 1, 0, 0, 5]","[1, 185, 184, 184, 184, 184, 184, 184, 184, 16, 184, 24, 184, 184, 176, 184, 184, 184, 184, 184, 184, 184, 184, 184, 16, 24, 184, 184, 184, 184, 184, 184, 176, 184, 128, 136, 128, 9]",0
2010-05-12,"[962, 1, 0, 17, 13, 8, 22, 3, 14, 0, 8, 0, 0, 58, 6, 16, 11, 6, 10, 11, 16, 42, 15, 10, 1, 7, 2, 27, 11, 42, 0, 7, 24, 9, 17, 22]","[0, 184, 184, 184, 176, 184, 184, 184, 128, 184, 184, 184, 184, 184, 184, 184, 184, 184, 184, 184, 184, 184, 184, 16, 184, 184, 24, 184, 16, 184, 24, 184, 184, 184, 184, 8]",0
2010-05-13,"[961, 6, 0, 0, 27, 0, 38, 18, 0, 0, 0, 4, 28, 5, 3, 4, 29, 10, 0, 0, 6, 19, 0, 11, 3, 2, 55, 14, 4, 6, 8, 94, 52, 3, 0, 1, 14, 2, 0, 12]","[1, 184, 184, 184, 184, 184, 16, 24, 128, 184, 184, 184, 184, 184, 16, 24, 184, 184, 184, 184, 184, 184, 184, 128, 184, 184, 16, 128, 184, 184, 24, 184, 184, 184, 184, 184, 184, 184, 184, 9]",0
2010-05-14,"[946, 116, 1, 0, 0, 1, 1, 0, 5, 0, 1, 255, 4, 1, 0, 0, 0, 0, 0, 0, 0, 0, 0, 1, 0, 0, 0, 0, 0, 0, 0, 1, 2, 1, 1, 0, 0, 3, 77]","[1, 184, 184, 184, 184, 184, 184, 184, 184, 184, 184, 16, 184, 184, 184, 184, 184, 184, 184, 184, 184, 184, 184, 152, 184, 184, 184, 184, 184, 184, 184, 184, 128, 24, 16, 24, 16, 24, 9]",0
2010-05-17,"[3839, 8, 21, 10, 3, 2, 7, 9, 1, 1, 18, 10, 13, 52, 3, 3, 14, 6, 22, 16, 20, 0, 14, 0, 43, 37, 0, 4, 8, 0, 2, 8, 3, 50, 1, 4, 19, 18]","[0, 184, 184, 184, 16, 184, 128, 24, 184, 184, 152, 184, 184, 184, 184, 184, 184, 184, 184, 184, 184, 184, 152, 184, 184, 184, 184, 184, 184, 184, 184, 184, 184, 184, 16, 24, 184, 8]",0
2010-05-18,"[963, 3, 15, 0, 2, 1, 3, 4, 5, 36, 11, 54, 0, 3, 13, 13, 7, 10, 47, 7, 6, 30, 10, 1, 24, 8, 1, 18, 8, 44, 3, 3, 8, 3, 27, 1, 29, 7]","[1, 185, 184, 184, 128, 16, 184, 184, 184, 24, 184, 184, 184, 184, 184, 184, 184, 16, 184, 24, 184, 184, 184, 184, 184, 184, 184, 184, 128, 184, 184, 184, 136, 184, 184, 184, 184, 8]",0
2010-05-19,"[948, 2, 0, 15, 10, 2, 1, 15, 10, 1, 12, 25, 0, 45, 5, 46, 44, 0, 38, 1, 3, 14, 5, 5, 18, 17, 25, 3, 6, 0, 8, 8, 4, 4, 6, 5, 33, 35]","[1, 185, 185, 184, 184, 184, 184, 184, 176, 184, 184, 184, 184, 184, 184, 184, 184, 184, 184, 184, 184, 184, 184, 184, 184, 184, 184, 16, 24, 16, 184, 24, 128, 184, 152, 128, 176, 8]",0
2010-05-20,"[955, 2, 1, 19, 12, 4, 0, 0, 0, 7, 24, 6, 20, 1, 15, 29, 16, 47, 12, 2, 8, 51, 43, 30, 9, 1, 1, 15, 0, 21, 14, 1, 6, 27, 4, 0, 17, 7]","[1, 185, 185, 184, 184, 184, 184, 184, 16, 24, 128, 184, 184, 184, 184, 184, 184, 184, 184, 184, 184, 184, 184, 184, 184, 152, 152, 16, 184, 184, 184, 24, 184, 184, 184, 184, 184, 8]",0
2010-05-21,"[957, 5, 23, 9, 0, 2, 3, 30, 2, 4, 11, 17, 6, 4, 47, 34, 2, 0, 21, 43, 6, 20, 30, 11, 36, 3, 0, 1, 7, 0, 37, 11, 0, 9, 4, 5, 20, 1, 1, 12]","[1, 16, 184, 184, 184, 184, 184, 184, 184, 176, 24, 128, 184, 184, 152, 184, 184, 184, 184, 184, 184, 184, 16, 24, 184, 16, 184, 128, 24, 184, 184, 184, 184, 184, 184, 184, 184, 184, 184, 9]",0
2010-05-24,"[3818, 3, 1, 13, 12, 0, 3, 12, 1, 0, 9, 6, 30, 52, 4, 21, 21, 2, 5, 4, 5, 8, 5, 4, 2, 26, 8, 45, 5, 36, 0, 11, 20, 8, 5, 21, 15, 3, 29, 27]","[1, 185, 185, 184, 184, 16, 184, 184, 24, 184, 184, 184, 184, 184, 184, 184, 184, 184, 128, 128, 184, 184, 184, 128, 16, 184, 24, 184, 184, 184, 184, 184, 184, 184, 184, 184, 184, 16, 24, 9]",0
2010-05-25,"[954, 14, 17, 22, 59, 4, 17, 32, 3, 0, 0, 9, 72, 12, 16, 7, 46, 2, 2, 3, 5, 1, 3, 11, 29, 9, 8, 0, 6, 0, 1, 3, 0, 2, 7, 20, 1, 10]","[0, 184, 184, 184, 184, 184, 184, 16, 184, 184, 184, 184, 184, 184, 24, 184, 184, 184, 184, 128, 128, 184, 152, 16, 184, 184, 184, 184, 184, 184, 184, 184, 184, 184, 24, 184, 184, 8]",0
2010-05-26,"[967, 6, 0, 1, 5, 16, 4, 15, 29, 3, 13, 28, 13, 18, 14, 12, 28, 19, 3, 13, 18, 4, 3, 22, 41, 40, 38, 3, 0, 10, 25, 9, 0, 2, 1]","[0, 184, 184, 184, 184, 184, 184, 184, 184, 176, 184, 184, 176, 184, 176, 184, 184, 184, 128, 16, 184, 184, 184, 184, 152, 184, 184, 184, 184, 184, 184, 184, 184, 152, 9]",0
2010-05-27,"[948, 28, 2, 2, 8, 30, 20, 17, 31, 31, 1, 8, 7, 10, 0, 1, 0, 20, 8, 10, 0, 23, 32, 19, 6, 11, 17, 21, 11, 6, 30, 28, 5, 13, 6, 0, 1, 17, 1, 7]","[1, 184, 184, 184, 184, 184, 184, 184, 128, 184, 184, 184, 128, 176, 176, 184, 16, 24, 184, 184, 184, 184, 184, 184, 184, 16, 184, 24, 184, 176, 184, 184, 16, 184, 184, 24, 184, 153, 185, 9]",0
2010-05-28,"[937, 6, 2, 21, 2, 10, 29, 26, 1, 7, 10, 1, 8, 25, 4, 108, 1, 3, 7, 6, 15, 7, 1, 78, 4, 2, 7, 0, 2, 62, 1, 18, 2, 0, 1, 1, 0, 8, 0, 3]","[1, 185, 185, 184, 184, 184, 184, 184, 184, 184, 184, 16, 184, 24, 184, 184, 184, 184, 184, 152, 184, 128, 128, 184, 184, 16, 24, 184, 184, 16, 24, 184, 184, 184, 185, 185, 185, 185, 185, 9]",0
2010-06-01,"[5264, 3, 3, 4, 10, 9, 9, 7, 8, 17, 38, 8, 10, 9, 10, 1, 0, 4, 2, 29, 6, 4, 12, 14, 17, 16, 0, 15, 42, 8, 24, 30, 3, 18, 8, 29, 17, 16]","[1, 184, 184, 184, 184, 184, 184, 184, 184, 16, 176, 184, 184, 184, 24, 184, 152, 152, 152, 184, 184, 184, 184, 16, 184, 184, 24, 184, 184, 184, 184, 184, 184, 184, 184, 184, 184, 8]",0
2010-06-02,"[959, 2, 11, 4, 12, 1, 10, 5, 4, 7, 42, 0, 1, 5, 17, 52, 46, 5, 0, 0, 11, 8, 0, 60, 5, 6, 33, 9, 0, 11, 14, 4, 1, 18, 4, 3, 5, 11, 23, 13, 0, 8]","[1, 17, 184, 136, 184, 184, 128, 24, 136, 184, 184, 184, 184, 184, 184, 184, 184, 184, 184, 184, 16, 184, 24, 184, 184, 184, 16, 184, 184, 184, 24, 184, 184, 184, 184, 184, 184, 16, 184, 184, 24, 9]",0
2010-06-03,"[945, 3, 23, 0, 0, 6, 47, 5, 1, 20, 0, 11, 4, 18, 32, 39, 54, 14, 13, 6, 11, 6, 5, 29, 13, 10, 36, 0, 1, 13, 11, 7, 14, 0, 3, 6, 1, 7, 0, 1]","[1, 185, 184, 184, 184, 184, 16, 184, 24, 184, 184, 184, 184, 184, 184, 184, 184, 184, 16, 184, 184, 184, 184, 184, 24, 184, 184, 184, 184, 184, 136, 16, 184, 184, 24, 184, 184, 129, 129, 9]",0
2010-06-04,"[947, 10, 6, 1, 37, 1, 4, 0, 33, 7, 6, 20, 14, 1, 20, 1, 7, 19, 1, 8, 8, 9, 23, 3, 39, 11, 6, 10, 45, 2, 1, 47, 19, 6, 28, 0, 2, 17]","[1, 184, 184, 184, 184, 184, 128, 184, 184, 184, 184, 16, 184, 24, 128, 136, 184, 184, 184, 184, 184, 184, 184, 184, 16, 184, 184, 24, 184, 184, 184, 184, 184, 184, 184, 184, 184, 9]",0
2010-06-07,"[3829, 5, 35, 4, 41, 2, 11, 5, 1, 1, 4, 1, 2, 23, 2, 57, 15, 43, 4, 10, 8, 8, 43, 1, 32, 11, 60, 0, 15, 6, 8, 3, 5, 2, 3, 0, 5, 5]","[1, 185, 184, 184, 128, 16, 184, 184, 128, 128, 184, 184, 24, 184, 184, 184, 184, 176, 184, 184, 184, 184, 184, 184, 184, 184, 184, 184, 184, 184, 176, 184, 16, 24, 184, 184, 185, 9]",0
2010-06-08,"[962, 13, 0, 1, 8, 4, 4, 6, 3, 3, 65, 0, 0, 46, 1, 0, 0, 0, 79, 0, 0, 0, 85, 0, 0, 0, 0, 1, 1, 0, 1, 5, 94, 2, 9, 18]","[0, 16, 24, 16, 184, 184, 184, 184, 24, 128, 184, 184, 184, 184, 184, 184, 184, 184, 184, 184, 184, 184, 184, 184, 184, 184, 184, 184, 184, 184, 184, 184, 184, 184, 184, 8]",0
2010-06-09,"[956, 6, 0, 0, 0, 21, 31, 21, 8, 36, 1, 1, 22, 10, 13, 8, 2, 63, 5, 51, 2, 17, 4, 14, 12, 24, 0, 1, 12, 4, 18, 4, 24, 0, 26, 2, 1, 9]","[1, 184, 184, 128, 128, 184, 184, 184, 184, 184, 184, 152, 184, 184, 184, 184, 176, 184, 184, 184, 16, 184, 24, 184, 176, 176, 184, 16, 184, 184, 184, 24, 176, 184, 184, 184, 184, 9]",0
2010-06-10,"[951, 14, 6, 7, 28, 8, 6, 8, 4, 8, 1, 12, 5, 61, 3, 4, 4, 1, 10, 51, 13, 5, 1, 1, 29, 2, 6, 0, 39, 6, 5, 2, 75, 3, 5, 5, 21, 10, 4, 4]","[1, 184, 184, 16, 24, 184, 184, 184, 184, 184, 184, 184, 176, 184, 184, 128, 128, 128, 184, 184, 16, 184, 184, 24, 184, 184, 184, 184, 184, 184, 184, 184, 184, 184, 184, 184, 184, 16, 25, 9]",0
2010-06-11,"[947, 7, 15, 29, 1, 1, 25, 0, 3, 21, 15, 67, 2, 7, 2, 4, 18, 10, 2, 1, 18, 6, 0, 0, 9, 5, 1, 5, 7, 15, 12, 0, 16, 91, 4, 19, 3, 11, 13, 3]","[1, 176, 184, 184, 184, 184, 184, 184, 184, 184, 184, 184, 184, 16, 24, 176, 184, 184, 184, 184, 16, 24, 184, 176, 184, 152, 184, 184, 152, 184, 184, 128, 184, 184, 184, 16, 184, 24, 184, 9]",0
2010-06-14,"[3837, 2, 3, 27, 10, 7, 0, 3, 2, 0, 9, 1, 21, 4, 1, 4, 10, 12, 19, 12, 5, 3, 14, 59, 5, 0, 0, 3, 6, 10, 23, 19, 6, 0, 13, 12, 53, 85, 2, 6]","[1, 185, 184, 184, 184, 16, 24, 184, 184, 184, 184, 184, 184, 184, 184, 184, 16, 24, 128, 128, 184, 184, 184, 184, 184, 184, 184, 184, 184, 184, 184, 16, 184, 184, 184, 24, 184, 184, 129, 9]",0
2010-06-15,"[938, 4, 8, 1, 11, 38, 23, 6, 4, 21, 3, 3, 22, 6, 16, 24, 0, 4, 3, 8, 29, 3, 17, 13, 8, 15, 3, 30, 44, 5, 17, 16, 3, 12, 11, 15, 4, 0, 2, 22]","[1, 185, 185, 16, 24, 184, 184, 16, 184, 184, 24, 184, 184, 184, 184, 184, 184, 184, 176, 136, 184, 128, 184, 184, 184, 184, 184, 128, 184, 184, 184, 184, 16, 184, 184, 184, 184, 184, 24, 9]",0
2010-06-16,"[966, 19, 3, 33, 12, 10, 5, 18, 2, 1, 1, 4, 22, 3, 2, 20, 4, 0, 3, 15, 49, 2, 28, 39, 17, 22, 11, 3, 1, 19, 26, 13, 8, 1, 7, 22, 9, 3]","[0, 184, 184, 184, 184, 184, 128, 16, 184, 24, 184, 184, 184, 184, 184, 184, 184, 184, 184, 184, 184, 184, 184, 184, 184, 184, 184, 16, 184, 24, 128, 184, 184, 184, 184, 128, 185, 9]",0
2010-06-17,"[963, 7, 2, 0, 0, 0, 0, 0, 0, 0, 0, 0, 0, 0, 0, 0, 0, 0, 1, 0, 0, 1, 0, 0, 0, 0, 0, 0, 3, 4, 163, 43, 8, 75, 14, 11, 15, 105]","[0, 152, 184, 184, 184, 184, 184, 184, 184, 184, 184, 184, 184, 184, 184, 184, 184, 184, 184, 184, 184, 184, 184, 184, 184, 184, 184, 184, 152, 152, 16, 184, 24, 16, 24, 184, 184, 8]",0
2010-06-18,"[967, 2, 13, 14, 0, 12, 2, 6, 6, 24, 1, 52, 14, 13, 14, 0, 34, 39, 22, 16, 11, 6, 6, 18, 0, 15, 65, 25, 10, 9, 3, 2, 1]","[0, 184, 184, 184, 184, 184, 128, 184, 152, 184, 184, 184, 184, 184, 184, 184, 184, 184, 184, 184, 176, 184, 184, 184, 184, 184, 184, 184, 184, 184, 184, 184, 8]",0
2010-06-21,"[3841, 9, 7, 14, 4, 14, 38, 6, 55, 7, 0, 29, 5, 4, 7, 2, 5, 38, 39, 0, 21, 13, 9, 2, 2, 3, 3, 33, 19, 20, 13, 15, 14, 16, 2, 11]","[1, 184, 184, 184, 160, 184, 184, 184, 184, 184, 184, 184, 184, 184, 184, 184, 184, 184, 16, 24, 184, 128, 128, 184, 128, 184, 184, 184, 184, 184, 184, 184, 184, 176, 184, 9]",0
2010-06-22,"[939, 23, 11, 7, 16, 5, 37, 6, 2, 50, 0, 12, 14, 5, 37, 0, 28, 3, 17, 9, 1, 26, 10, 18, 11, 11, 6, 13, 21, 3, 40, 1, 6, 0, 14, 5, 0, 5, 2, 12]","[1, 16, 184, 184, 24, 184, 184, 184, 184, 184, 184, 184, 184, 184, 184, 184, 184, 184, 184, 184, 184, 184, 16, 184, 24, 184, 16, 184, 24, 184, 184, 184, 184, 184, 152, 128, 136, 184, 185, 9]",0
2010-06-23,"[942, 14, 2, 24, 23, 10, 22, 21, 4, 17, 12, 8, 5, 3, 8, 9, 4, 17, 27, 20, 24, 48, 24, 3, 18, 10, 1, 1, 16, 0, 6, 7, 44, 13, 5, 0, 0, 2]","[1, 184, 176, 184, 184, 184, 16, 184, 184, 24, 184, 184, 184, 184, 184, 184, 184, 128, 184, 184, 184, 184, 184, 184, 16, 128, 24, 128, 184, 184, 184, 184, 184, 184, 185, 185, 185, 9]",0
2010-06-24,"[965, 13, 10, 3, 10, 3, 1, 5, 1, 36, 0, 44, 44, 25, 0, 10, 18, 18, 13, 33, 2, 14, 0, 15, 3, 3, 32, 7, 12, 23, 29, 2, 11, 5, 16, 7]","[0, 184, 184, 184, 184, 184, 184, 184, 184, 184, 184, 184, 184, 184, 184, 184, 184, 184, 184, 184, 16, 152, 184, 152, 128, 24, 184, 184, 184, 184, 184, 184, 184, 184, 185, 9]",0
2010-06-25,"[943, 6, 4, 0, 2, 1, 2, 13, 2, 1, 1, 9, 37, 20, 11, 8, 64, 3, 11, 32, 8, 10, 56, 35, 4, 13, 5, 4, 20, 5, 11, 44, 25, 3, 0, 1, 7]","[1, 184, 184, 184, 184, 184, 184, 16, 184, 184, 184, 24, 184, 184, 184, 184, 184, 184, 184, 176, 128, 184, 184, 16, 184, 184, 184, 184, 184, 24, 184, 128, 184, 185, 185, 185, 9]",0
2010-06-28,"[3815, 3, 7, 33, 4, 4, 1, 3, 4, 33, 5, 3, 9, 3, 1, 1, 10, 1, 15, 7, 9, 13, 8, 9, 1, 23, 31, 17, 4, 17, 5, 2, 6, 17, 3, 2, 26, 19, 49, 3, 3, 28, 4, 12, 0, 2, 13]","[1, 177, 185, 16, 24, 184, 176, 184, 184, 184, 184, 184, 184, 184, 16, 24, 184, 184, 184, 176, 184, 184, 152, 184, 184, 184, 176, 184, 184, 184, 184, 176, 128, 184, 184, 16, 24, 184, 184, 184, 184, 184, 184, 184, 184, 184, 9]",1
2010-06-29,"[964, 11, 1, 2, 1, 1, 2, 1, 0, 2, 26, 0, 15, 4, 1, 6, 19, 16, 10, 2, 0, 5, 2, 48, 0, 3, 5, 13, 2, 13, 19, 4, 6, 1, 6, 18, 0, 2, 22, 1, 4, 29, 12, 106, 3, 4]","[0, 184, 184, 184, 176, 184, 184, 184, 184, 184, 184, 176, 184, 176, 176, 184, 184, 184, 184, 184, 16, 24, 184, 184, 184, 184, 184, 184, 184, 184, 128, 184, 184, 128, 184, 128, 184, 184, 16, 184, 24, 184, 184, 184, 184, 8]",1
2010-06-30,"[972, 4, 6, 0, 11, 0, 13, 10, 39, 21, 14, 7, 41, 5, 3, 2, 3, 24, 10, 11, 2, 6, 23, 12, 1, 4, 5, 68, 1, 1, 3, 0, 1, 0, 0, 7, 13, 9, 1, 0, 1, 1, 6, 2, 2, 28, 2, 0, 5, 11]","[0, 184, 184, 128, 184, 184, 176, 184, 184, 184, 176, 184, 184, 176, 184, 184, 184, 128, 184, 128, 176, 184, 184, 184, 184, 184, 176, 184, 184, 184, 184, 184, 184, 184, 184, 16, 184, 24, 16, 24, 16, 184, 184, 24, 184, 184, 184, 16, 24, 8]",1
2010-07-01,"[960, 5, 2, 1, 10, 0, 0, 7, 14, 1, 18, 9, 10, 19, 1, 0, 26, 1, 21, 5, 0, 11, 21, 21, 4, 5, 1, 3, 13, 34, 16, 6, 18, 3, 0, 23, 21, 12, 2, 21, 41, 13, 14, 6, 3, 13]","[1, 185, 185, 184, 184, 184, 16, 184, 184, 24, 184, 184, 184, 184, 184, 184, 184, 184, 184, 184, 184, 184, 184, 184, 184, 176, 184, 152, 184, 184, 184, 152, 184, 184, 16, 184, 184, 24, 176, 128, 184, 184, 184, 184, 184, 9]",1
2010-07-02,"[949, 3, 45, 18, 16, 2, 1, 3, 24, 16, 55, 3, 0, 3, 0, 1, 4, 1, 19, 2, 3, 0, 1, 14, 8, 0, 10, 0, 13, 4, 4, 16, 12, 18, 1, 44, 5, 60, 8, 0, 3, 5, 0, 3, 0, 16, 1, 3, 2]","[1, 176, 184, 176, 16, 184, 184, 24, 184, 184, 184, 184, 184, 184, 184, 176, 128, 184, 184, 128, 184, 16, 184, 184, 184, 24, 184, 184, 184, 184, 184, 152, 184, 184, 184, 184, 184, 184, 184, 16, 184, 24, 184, 184, 184, 185, 185, 185, 9]",1
2010-07-06,"[5259, 2, 18, 1, 45, 1, 1, 15, 2, 42, 0, 0, 24, 40, 6, 13, 17, 17, 45, 5, 4, 0, 33, 43, 7, 0, 0, 26, 0, 0, 6, 1, 0, 0, 3, 5, 20, 14, 2, 2, 1, 9]","[1, 185, 184, 128, 176, 184, 184, 184, 184, 184, 184, 184, 136, 184, 128, 184, 184, 184, 184, 184, 184, 184, 184, 128, 184, 184, 184, 184, 184, 184, 16, 24, 184, 16, 24, 184, 184, 184, 184, 184, 184, 9]",1
2010-07-07,"[965, 17, 7, 22, 7, 4, 3, 0, 36, 8, 8, 7, 25, 0, 18, 29, 4, 17, 1, 2, 3, 5, 26, 27, 13, 6, 3, 11, 2, 3, 10, 19, 3, 3, 4, 1, 0, 33, 11, 3, 9, 2, 7, 26, 7]","[0, 184, 184, 184, 16, 184, 24, 184, 184, 176, 184, 184, 184, 16, 184, 184, 184, 176, 24, 184, 184, 184, 176, 184, 176, 184, 176, 184, 184, 184, 184, 184, 184, 184, 184, 184, 184, 184, 184, 128, 184, 128, 128, 184, 8]",1
2010-07-08,"[956, 12, 20, 24, 4, 9, 1, 4, 0, 0, 1, 2, 8, 3, 66, 0, 0, 0, 0, 0, 0, 29, 40, 84, 29, 2, 4, 35, 1, 0, 0, 0, 40, 2, 2, 3, 0, 3, 16, 18]","[1, 184, 16, 128, 184, 184, 184, 128, 184, 184, 184, 184, 184, 24, 184, 184, 184, 184, 184, 184, 184, 184, 184, 184, 184, 184, 184, 184, 184, 184, 184, 184, 184, 184, 184, 184, 184, 184, 128, 8]",1
2010-07-09,"[978, 5, 1, 0, 2, 27, 0, 2, 1, 53, 3, 18, 12, 10, 24, 0, 2, 13, 14, 12, 5, 15, 7, 0, 23, 0, 0, 10, 46, 0, 5, 1, 0, 16, 1, 1, 1, 0, 17, 5, 2, 61, 7, 0, 1, 11]","[0, 184, 128, 184, 184, 184, 184, 184, 136, 184, 184, 184, 184, 184, 184, 176, 184, 184, 184, 184, 184, 184, 184, 184, 184, 128, 128, 176, 184, 176, 136, 184, 136, 184, 184, 184, 184, 184, 184, 184, 184, 184, 184, 184, 184, 8]",1
2010-07-12,"[3852, 25, 11, 2, 0, 10, 16, 19, 24, 8, 35, 2, 22, 13, 24, 4, 5, 4, 10, 8, 12, 4, 13, 14, 27, 19, 5, 1, 17, 14, 8, 14, 5, 1, 11, 21, 3, 1, 1, 16, 6]","[0, 184, 16, 184, 24, 184, 184, 184, 184, 184, 184, 184, 184, 176, 184, 184, 184, 184, 184, 184, 184, 184, 184, 184, 16, 184, 184, 24, 184, 152, 152, 184, 184, 184, 128, 184, 184, 184, 184, 184, 8]",1
2010-07-13,"[967, 21, 3, 5, 2, 0, 8, 1, 13, 49, 71, 2, 22, 20, 2, 0, 0, 5, 3, 3, 12, 10, 1, 7, 19, 58, 4, 0, 10, 0, 37, 12, 2, 0, 4, 13, 31, 4]","[0, 184, 184, 184, 184, 184, 184, 184, 184, 184, 184, 184, 184, 184, 184, 184, 184, 184, 184, 184, 184, 184, 184, 152, 16, 184, 184, 24, 184, 184, 184, 184, 152, 136, 184, 184, 184, 8]",1
2010-07-14,"[974, 5, 0, 12, 0, 17, 2, 15, 5, 16, 31, 5, 2, 0, 14, 0, 1, 0, 7, 1, 24, 2, 23, 7, 21, 45, 8, 36, 12, 4, 12, 51, 12, 4, 16, 24, 0, 16, 5]","[0, 184, 184, 184, 184, 184, 184, 176, 176, 184, 184, 184, 184, 184, 184, 184, 184, 184, 184, 184, 128, 184, 128, 184, 184, 184, 184, 128, 176, 184, 184, 184, 184, 184, 184, 184, 176, 184, 9]",1
2010-07-15,"[947, 2, 9, 5, 15, 2, 1, 4, 7, 15, 6, 33, 12, 2, 0, 24, 30, 21, 1, 23, 0, 2, 8, 3, 15, 4, 3, 19, 3, 3, 6, 13, 14, 2, 1, 1, 65, 36, 12, 0, 8, 19, 15, 3, 9]","[1, 185, 185, 184, 152, 184, 136, 184, 184, 184, 184, 184, 184, 184, 184, 184, 184, 128, 184, 184, 136, 136, 184, 184, 184, 184, 184, 184, 184, 176, 184, 16, 24, 136, 184, 184, 184, 184, 184, 16, 184, 24, 184, 184, 9]",1
2010-07-16,"[958, 11, 0, 5, 13, 1, 6, 0, 32, 2, 13, 5, 6, 4, 4, 7, 27, 16, 17, 5, 3, 6, 2, 1, 3, 28, 17, 11, 14, 0, 8, 6, 0, 12, 3, 8, 15, 16, 19, 38, 17, 9, 5, 8, 3, 1, 0, 2, 8, 4]","[0, 184, 184, 184, 184, 184, 184, 184, 184, 184, 184, 16, 176, 24, 184, 184, 184, 184, 184, 184, 184, 184, 176, 184, 136, 184, 184, 184, 184, 184, 16, 24, 176, 184, 184, 16, 184, 24, 184, 184, 184, 184, 184, 152, 184, 152, 152, 184, 184, 8]",1
2010-07-19,"[3856, 3, 3, 6, 0, 4, 15, 2, 27, 14, 3, 2, 5, 2, 6, 39, 8, 17, 24, 8, 10, 2, 11, 3, 25, 16, 14, 77, 3, 10, 10, 3, 6, 0, 2, 26, 8, 19, 17, 1]","[0, 184, 184, 184, 184, 184, 184, 184, 184, 184, 184, 184, 152, 128, 184, 184, 184, 184, 184, 184, 184, 184, 184, 176, 184, 128, 176, 176, 184, 176, 184, 184, 184, 16, 24, 184, 184, 184, 184, 8]",1
2010-07-20,"[963, 4, 20, 8, 1, 16, 6, 4, 57, 7, 14, 40, 0, 5, 3, 13, 5, 16, 14, 2, 7, 17, 1, 13, 15, 4, 8, 2, 18, 6, 17, 14, 19, 7, 31, 13, 3, 0, 15, 7, 0, 1]","[0, 184, 184, 184, 184, 176, 184, 176, 184, 184, 184, 184, 184, 184, 184, 184, 184, 184, 16, 184, 184, 184, 184, 128, 184, 128, 184, 184, 128, 24, 176, 184, 184, 184, 184, 184, 184, 184, 184, 184, 184, 8]",1
2010-07-21,"[975, 3, 10, 3, 0, 1, 2, 9, 3, 47, 29, 1, 7, 0, 1, 3, 1, 50, 23, 0, 0, 0, 1, 22, 12, 5, 16, 19, 9, 0, 15, 2, 9, 6, 18, 3, 14, 17, 0, 0, 38, 10, 21, 10, 4, 3]","[0, 184, 184, 136, 184, 184, 176, 184, 184, 136, 184, 184, 184, 184, 16, 24, 184, 184, 128, 128, 184, 184, 128, 16, 24, 16, 184, 184, 184, 184, 184, 184, 184, 184, 184, 184, 24, 184, 184, 184, 184, 184, 184, 184, 184, 8]",1
2010-07-22,"[951, 4, 23, 0, 0, 26, 8, 8, 6, 13, 29, 13, 0, 0, 18, 29, 9, 36, 2, 2, 5, 0, 34, 2, 8, 16, 2, 3, 12, 21, 1, 2, 19, 17, 4, 0, 6, 21, 10, 0, 20, 14, 17, 6, 2, 7, 0, 3]","[1, 185, 184, 184, 184, 184, 184, 16, 184, 24, 184, 184, 184, 184, 184, 184, 128, 184, 184, 184, 184, 184, 184, 184, 184, 184, 184, 184, 128, 184, 184, 176, 176, 176, 184, 152, 184, 184, 184, 184, 184, 16, 184, 184, 24, 185, 185, 9]",1
2010-07-23,"[960, 19, 14, 0, 0, 0, 37, 35, 8, 4, 5, 4, 17, 42, 21, 3, 44, 10, 1, 60, 1, 16, 44, 12, 1, 0, 0, 0, 0, 0, 0, 3, 1, 2, 0, 0, 0, 35, 17]","[0, 16, 184, 184, 184, 184, 24, 16, 152, 152, 184, 184, 152, 184, 184, 24, 184, 184, 184, 184, 184, 184, 184, 184, 184, 184, 184, 184, 184, 184, 184, 176, 184, 184, 184, 184, 184, 184, 8]",1
2010-07-26,"[3838, 1, 0, 2, 1, 0, 1, 3, 2, 5, 0, 0, 3, 3, 43, 1, 30, 1, 2, 33, 19, 1, 0, 14, 16, 5, 15, 0, 1, 3, 65, 16, 23, 5, 6, 27, 54, 1, 6, 0, 7, 16, 10, 9, 1, 4]","[1, 185, 185, 128, 128, 184, 152, 184, 184, 184, 184, 184, 184, 184, 176, 184, 184, 184, 184, 184, 184, 16, 184, 24, 184, 184, 184, 184, 184, 184, 184, 184, 184, 184, 184, 184, 184, 184, 184, 176, 184, 184, 184, 184, 184, 8]",1
2010-07-27,"[967, 5, 4, 18, 12, 22, 6, 5, 37, 8, 7, 0, 36, 1, 44, 9, 21, 27, 25, 0, 11, 13, 10, 1, 0, 1, 2, 4, 2, 7, 7, 5, 29, 27, 2, 11, 22, 18]","[0, 16, 24, 184, 184, 184, 184, 184, 184, 184, 128, 184, 184, 184, 184, 184, 184, 184, 184, 184, 176, 16, 128, 184, 24, 136, 184, 184, 184, 184, 184, 184, 184, 184, 184, 184, 176, 8]",0
2010-07-28,"[969, 5, 1, 0, 1, 1, 8, 1, 53, 2, 0, 9, 1, 1, 2, 1, 0, 0, 8, 3, 4, 11, 50, 7, 0, 29, 49, 0, 27, 11, 16, 2, 0, 136, 0, 0, 13]","[0, 184, 184, 184, 184, 184, 128, 184, 184, 184, 136, 184, 184, 184, 184, 16, 24, 184, 184, 184, 128, 16, 184, 184, 184, 184, 184, 184, 184, 184, 184, 184, 184, 184, 184, 184, 8]",0
2010-07-29,"[961, 9, 29, 18, 4, 9, 8, 5, 26, 2, 9, 20, 11, 27, 0, 1, 29, 4, 12, 26, 32, 12, 4, 15, 5, 6, 13, 2, 13, 36, 18, 12, 15, 3, 33, 4]","[1, 184, 184, 184, 184, 184, 184, 184, 184, 184, 184, 184, 184, 184, 16, 184, 184, 184, 24, 184, 184, 184, 184, 184, 152, 184, 184, 152, 184, 152, 184, 184, 184, 184, 185, 9]",0
2010-07-30,"[955, 3, 1, 0, 6, 36, 33, 0, 12, 4, 28, 16, 1, 4, 3, 3, 9, 43, 2, 0, 3, 14, 2, 21, 4, 20, 7, 2, 4, 12, 11, 12, 18, 23, 6, 3, 23, 14, 15, 33]","[0, 184, 184, 184, 184, 184, 184, 184, 184, 184, 184, 184, 16, 24, 184, 184, 184, 184, 16, 24, 152, 184, 128, 152, 184, 184, 184, 184, 184, 176, 176, 184, 16, 184, 24, 184, 184, 184, 184, 8]",0
2010-08-02,"[3843, 1, 39, 0, 6, 0, 0, 10, 16, 6, 6, 29, 10, 7, 37, 15, 5, 6, 5, 28, 14, 52, 13, 19, 22, 21, 3, 6, 19, 3, 11, 9, 14, 14, 5, 1, 1, 19]","[1, 185, 184, 184, 184, 184, 184, 184, 184, 184, 184, 184, 184, 184, 184, 184, 152, 152, 152, 184, 16, 184, 24, 184, 184, 184, 184, 184, 184, 176, 16, 184, 184, 184, 184, 176, 24, 9]",0
2010-08-03,"[950, 23, 4, 0, 3, 0, 5, 45, 0, 1, 0, 56, 24, 23, 9, 2, 4, 8, 30, 19, 4, 20, 8, 3, 3, 4, 3, 1, 2, 8, 1, 6, 0, 97, 4, 31, 0, 0, 0, 2, 0, 0, 0, 8]","[1, 152, 184, 184, 184, 184, 184, 184, 184, 184, 184, 152, 128, 184, 176, 184, 184, 184, 184, 184, 184, 184, 16, 24, 16, 24, 16, 24, 16, 184, 24, 16, 24, 184, 184, 184, 184, 184, 184, 184, 184, 184, 184, 8]",1
2010-08-04,"[952, 2, 7, 0, 0, 14, 18, 9, 14, 61, 1, 2, 6, 1, 53, 4, 0, 19, 3, 26, 16, 3, 3, 17, 13, 6, 4, 37, 66, 34, 0, 10, 10, 0, 0, 6, 0, 9]","[1, 185, 185, 185, 185, 184, 184, 184, 152, 16, 184, 184, 184, 184, 184, 184, 184, 24, 184, 184, 184, 128, 128, 184, 184, 184, 184, 184, 184, 16, 184, 184, 184, 24, 184, 184, 184, 8]",0
2010-08-05,"[970, 24, 1, 2, 0, 1, 1, 1, 2, 0, 4, 23, 0, 20, 25, 3, 2, 1, 23, 2, 16, 19, 2, 7, 44, 19, 8, 15, 4, 15, 0, 7, 7, 6, 24, 91, 0, 0, 0, 0, 0, 24, 0, 0, 0, 0, 2]","[0, 184, 184, 184, 184, 184, 184, 184, 184, 184, 184, 16, 24, 184, 16, 184, 184, 24, 16, 184, 184, 24, 16, 24, 16, 184, 24, 16, 24, 16, 184, 184, 24, 16, 24, 184, 184, 184, 184, 184, 184, 184, 184, 184, 184, 184, 8]",1
2010-08-06,"[974, 21, 1, 3, 1, 17, 8, 2, 44, 22, 17, 13, 28, 12, 23, 14, 12, 0, 16, 0, 24, 3, 10, 16, 21, 16, 1, 4, 3, 19, 4, 2, 6, 2, 14, 38, 5, 8]","[0, 184, 184, 184, 184, 184, 184, 184, 184, 184, 184, 184, 184, 184, 184, 184, 16, 184, 184, 184, 24, 176, 184, 184, 184, 184, 16, 24, 128, 184, 184, 128, 184, 184, 184, 136, 184, 8]",0
2010-08-09,"[3853, 1, 0, 0, 5, 3, 6, 7, 22, 13, 43, 2, 10, 1, 1, 2, 20, 3, 8, 38, 13, 3, 20, 0, 5, 20, 36, 22, 9, 19, 0, 1, 16, 2, 4, 9, 22, 2, 5, 6, 6, 0, 12, 0, 12, 7, 3, 0, 11, 1]","[0, 184, 128, 152, 16, 184, 24, 184, 184, 184, 184, 184, 184, 16, 184, 24, 16, 24, 184, 184, 184, 184, 184, 184, 184, 128, 184, 184, 184, 184, 16, 24, 184, 16, 24, 16, 184, 24, 16, 24, 16, 184, 24, 184, 184, 184, 184, 184, 184, 8]",1
2010-08-10,"[963, 6, 0, 2, 18, 11, 0, 0, 0, 0, 34, 20, 1, 23, 23, 10, 4, 14, 6, 2, 1, 8, 17, 1, 9, 17, 5, 56, 3, 8, 30, 1, 0, 2, 0, 3, 31, 7, 7, 2, 2, 11, 13, 28, 24]","[0, 184, 184, 184, 184, 184, 184, 160, 184, 184, 16, 24, 184, 184, 184, 184, 184, 128, 16, 152, 184, 184, 24, 16, 184, 184, 24, 184, 16, 24, 184, 128, 184, 184, 184, 128, 184, 16, 184, 184, 24, 184, 184, 184, 9]",1
2010-08-11,"[947, 55, 9, 1, 1, 0, 2, 3, 4, 1, 38, 20, 32, 8, 27, 6, 6, 24, 1, 13, 8, 41, 35, 1, 23, 21, 1, 5, 1, 5, 0, 0, 28, 15, 2, 27]","[1, 184, 16, 184, 184, 152, 128, 184, 24, 128, 184, 184, 184, 184, 184, 184, 184, 176, 184, 184, 184, 184, 184, 184, 184, 184, 184, 184, 184, 184, 176, 184, 184, 184, 184, 8]",0
2010-08-12,"[962, 6, 1, 2, 15, 8, 15, 25, 10, 6, 13, 3, 5, 5, 78, 38, 6, 7, 0, 16, 4, 1, 1, 2, 1, 0, 6, 7, 28, 9, 6, 6, 27, 11, 9, 7, 17, 20, 1, 12, 4, 7, 9, 13, 1, 14]","[1, 185, 185, 184, 184, 184, 184, 184, 184, 184, 16, 24, 16, 24, 16, 184, 24, 184, 184, 184, 184, 184, 128, 184, 128, 184, 136, 16, 24, 16, 24, 184, 184, 184, 184, 184, 16, 184, 24, 184, 184, 184, 184, 184, 185, 9]",1
2010-08-13,"[949, 39, 1, 0, 22, 1, 10, 0, 23, 11, 1, 17, 12, 4, 25, 0, 55, 1, 9, 16, 6, 8, 1, 16, 35, 1, 0, 20, 9, 0, 0, 15, 0, 0, 0, 3, 3, 5, 33, 2, 4, 3, 19, 2, 3, 10, 5, 1]","[0, 184, 184, 16, 184, 24, 184, 16, 184, 24, 128, 184, 184, 184, 184, 176, 16, 184, 24, 184, 184, 16, 184, 24, 184, 184, 184, 16, 184, 184, 184, 184, 128, 184, 128, 24, 16, 184, 24, 184, 184, 184, 16, 184, 24, 184, 184, 8]",1
2010-08-16,"[3851, 13, 4, 12, 10, 3, 1, 45, 9, 0, 21, 66, 1, 1, 4, 62, 47, 1, 3, 5, 0, 30, 8, 17, 15, 6, 3, 10, 17, 9, 7, 6, 0, 12, 5, 16]","[0, 184, 176, 184, 184, 184, 184, 184, 184, 184, 184, 184, 184, 184, 184, 184, 184, 184, 128, 128, 128, 16, 184, 184, 184, 184, 24, 184, 184, 184, 184, 184, 184, 184, 184, 9]",0
2010-08-17,"[947, 24, 50, 0, 0, 43, 0, 4, 0, 15, 31, 1, 35, 0, 1, 12, 4, 12, 12, 5, 6, 7, 46, 25, 11, 27, 0, 17, 7, 3, 32, 2, 5, 0, 14, 3]","[0, 184, 184, 184, 184, 16, 184, 184, 184, 184, 184, 176, 152, 184, 152, 184, 184, 184, 184, 184, 184, 176, 184, 184, 24, 176, 184, 184, 184, 184, 184, 136, 184, 184, 176, 8]",0
2010-08-18,"[963, 1, 0, 0, 8, 5, 83, 13, 5, 1, 1, 3, 0, 0, 6, 2, 89, 13, 38, 66, 0, 0, 0, 0, 0, 27, 0, 5, 6, 45, 4, 0, 18, 16, 0, 20]","[1, 185, 185, 185, 184, 184, 184, 184, 184, 184, 184, 184, 184, 184, 184, 184, 184, 184, 184, 184, 184, 184, 184, 184, 184, 128, 184, 184, 16, 184, 184, 24, 184, 16, 24, 9]",0
2010-08-19,"[958, 18, 5, 25, 2, 0, 0, 68, 5, 27, 5, 0, 7, 27, 1, 3, 3, 38, 54, 33, 6, 37, 1, 8, 7, 3, 16, 1, 4, 1, 11, 3, 5, 32, 1, 5]","[0, 184, 184, 184, 152, 136, 136, 184, 184, 184, 184, 184, 184, 184, 184, 184, 176, 184, 184, 184, 184, 184, 184, 184, 16, 184, 24, 184, 184, 184, 184, 184, 184, 184, 184, 9]",0
2010-08-20,"[959, 6, 0, 1, 0, 0, 3, 56, 4, 38, 7, 4, 5, 15, 4, 10, 1, 16, 32, 31, 2, 12, 2, 4, 8, 27, 1, 19, 3, 17, 0, 27, 7, 2, 8, 7, 6, 1, 3, 28, 4, 5, 0, 26]","[0, 152, 184, 152, 152, 184, 184, 184, 184, 16, 24, 184, 184, 184, 184, 184, 184, 184, 16, 184, 24, 16, 24, 184, 184, 184, 184, 184, 184, 16, 24, 184, 184, 16, 184, 24, 184, 184, 184, 184, 184, 184, 184, 8]",1
2010-08-23,"[3837, 37, 38, 4, 23, 0, 8, 20, 18, 7, 4, 8, 12, 10, 0, 19, 26, 10, 14, 6, 8, 8, 2, 0, 18, 2, 16, 12, 42, 13, 26, 10, 42, 10, 1, 5]","[1, 184, 184, 184, 184, 184, 184, 184, 184, 184, 184, 184, 184, 184, 128, 184, 184, 184, 184, 184, 184, 184, 184, 152, 184, 184, 184, 184, 152, 16, 184, 24, 184, 185, 185, 9]",0
2010-08-24,"[952, 33, 6, 9, 3, 2, 18, 9, 33, 11, 7, 5, 3, 12, 8, 6, 8, 15, 19, 32, 0, 0, 0, 0, 36, 3, 4, 4, 18, 36, 23, 25, 2, 13, 27, 22]","[0, 184, 184, 184, 184, 184, 184, 184, 128, 128, 128, 184, 184, 176, 184, 184, 184, 184, 184, 184, 184, 184, 184, 184, 16, 184, 184, 24, 184, 184, 184, 184, 184, 184, 184, 8]",0
